<?xml version="1.0" encoding="EUC-KR"?>
<PricePropertyList>
    <LINE>
        <UpIn>-65536</UpIn>
        <UpFill>1</UpFill>
        <DnIn>-16776961</DnIn>
        <DnFill>nil</DnFill>
        <UpDnIn>-16776961</UpDnIn>
        <UpDnFill>1</UpDnFill>
        <DnUpIn>-65536</DnUpIn>
        <DnUpFill>1</DnUpFill>
        <OffIn>-16744448</OffIn>
        <OffFill>1</OffFill>
        <LineColor>-16777216</LineColor>
        <LineStyle>0</LineStyle>
        <LineWeight>1</LineWeight>
        <Gradation>0</Gradation>
        <ScatDraw>nil</ScatDraw>
        <KagiDraw>nil</KagiDraw>
        <AutoBand>nil</AutoBand>
        <BandSize>nil</BandSize>
        <MaxBand>nil</MaxBand>
        <ValueShow>nil</ValueShow>
        <CalcType>nil</CalcType>
        <CalcInfo>nil</CalcInfo>
        <CalcValue>nil</CalcValue>
        <CalcRatio>nil</CalcRatio>
    </LINE>
    <CANDLE>
        <UpIn>-65536</UpIn>
        <UpFill>0</UpFill>
        <DnIn>-16776961</DnIn>
        <DnFill>nil</DnFill>
        <UpDnIn>-16776961</UpDnIn>
        <UpDnFill>0</UpDnFill>
        <DnUpIn>-65536</DnUpIn>
        <DnUpFill>0</DnUpFill>
        <OffIn>-3607176</OffIn>
        <OffFill>0</OffFill>
        <LineColor>-65536</LineColor>
        <LineStyle>0</LineStyle>
        <LineWeight>1</LineWeight>
        <Gradation>0</Gradation>
        <ScatDraw>nil</ScatDraw>
        <KagiDraw>nil</KagiDraw>
        <AutoBand>nil</AutoBand>
        <BandSize>nil</BandSize>
        <MaxBand>nil</MaxBand>
        <ValueShow>nil</ValueShow>
        <CalcType>nil</CalcType>
        <CalcInfo>nil</CalcInfo>
        <CalcValue>nil</CalcValue>
        <CalcRatio>nil</CalcRatio>
    </CANDLE>
    <USABAR>
        <UpIn>-65536</UpIn>
        <UpFill>1</UpFill>
        <DnIn>-16776961</DnIn>
        <DnFill>nil</DnFill>
        <UpDnIn>-16776961</UpDnIn>
        <UpDnFill>1</UpDnFill>
        <DnUpIn>-65536</DnUpIn>
        <DnUpFill>1</DnUpFill>
        <OffIn>-16744448</OffIn>
        <OffFill>1</OffFill>
        <LineColor>-16777216</LineColor>
        <LineStyle>0</LineStyle>
        <LineWeight>1</LineWeight>
        <Gradation>0</Gradation>
        <ScatDraw>nil</ScatDraw>
        <KagiDraw>nil</KagiDraw>
        <AutoBand>nil</AutoBand>
        <BandSize>nil</BandSize>
        <MaxBand>nil</MaxBand>
        <ValueShow>nil</ValueShow>
        <CalcType>nil</CalcType>
        <CalcInfo>nil</CalcInfo>
        <CalcValue>nil</CalcValue>
        <CalcRatio>nil</CalcRatio>
    </USABAR>
    <POINT>
        <UpIn>-65536</UpIn>
        <UpFill>1</UpFill>
        <DnIn>-16776961</DnIn>
        <DnFill>nil</DnFill>
        <UpDnIn>-16776961</UpDnIn>
        <UpDnFill>1</UpDnFill>
        <DnUpIn>-65536</DnUpIn>
        <DnUpFill>1</DnUpFill>
        <OffIn>-16744448</OffIn>
        <OffFill>1</OffFill>
        <LineColor>-16777216</LineColor>
        <LineStyle>0</LineStyle>
        <LineWeight>1</LineWeight>
        <Gradation>0</Gradation>
        <ScatDraw>1</ScatDraw>
        <KagiDraw>nil</KagiDraw>
        <AutoBand>nil</AutoBand>
        <BandSize>nil</BandSize>
        <MaxBand>nil</MaxBand>
        <ValueShow>nil</ValueShow>
        <CalcType>nil</CalcType>
        <CalcInfo>nil</CalcInfo>
        <CalcValue>nil</CalcValue>
        <CalcRatio>nil</CalcRatio>
    </POINT>
    <PNF>
        <UpIn>-65536</UpIn>
        <UpFill>1</UpFill>
        <DnIn>-16776961</DnIn>
        <DnFill>nil</DnFill>
        <UpDnIn>-16776961</UpDnIn>
        <UpDnFill>1</UpDnFill>
        <DnUpIn>-65536</DnUpIn>
        <DnUpFill>1</DnUpFill>
        <OffIn>-16744448</OffIn>
        <OffFill>1</OffFill>
        <LineColor>-16777216</LineColor>
        <LineStyle>0</LineStyle>
        <LineWeight>1</LineWeight>
        <Gradation>0</Gradation>
        <ScatDraw>nil</ScatDraw>
        <KagiDraw>nil</KagiDraw>
        <AutoBand>nil</AutoBand>
        <BandSize>nil</BandSize>
        <MaxBand>nil</MaxBand>
        <ValueShow>nil</ValueShow>
        <CalcType>3</CalcType>
        <CalcInfo>4</CalcInfo>
        <CalcValue>nil</CalcValue>
        <CalcRatio>5000.0</CalcRatio>
    </PNF>
    <THREEBREAK>
        <UpIn>-65536</UpIn>
        <UpFill>1</UpFill>
        <DnIn>-16776961</DnIn>
        <DnFill>nil</DnFill>
        <UpDnIn>-16776961</UpDnIn>
        <UpDnFill>1</UpDnFill>
        <DnUpIn>-65536</DnUpIn>
        <DnUpFill>1</DnUpFill>
        <OffIn>-16744448</OffIn>
        <OffFill>1</OffFill>
        <LineColor>-16777216</LineColor>
        <LineStyle>0</LineStyle>
        <LineWeight>1</LineWeight>
        <Gradation>0</Gradation>
        <ScatDraw>nil</ScatDraw>
        <KagiDraw>nil</KagiDraw>
        <AutoBand>nil</AutoBand>
        <BandSize>nil</BandSize>
        <MaxBand>nil</MaxBand>
        <ValueShow>nil</ValueShow>
        <CalcType>nil</CalcType>
        <CalcInfo>3</CalcInfo>
        <CalcValue>nil</CalcValue>
        <CalcRatio>nil</CalcRatio>
    </THREEBREAK>
    <FLOWBAR>
        <UpIn>-65536</UpIn>
        <UpFill>1</UpFill>
        <DnIn>-16776961</DnIn>
        <DnFill>nil</DnFill>
        <UpDnIn>-16776961</UpDnIn>
        <UpDnFill>1</UpDnFill>
        <DnUpIn>-65536</DnUpIn>
        <DnUpFill>1</DnUpFill>
        <OffIn>-16744448</OffIn>
        <OffFill>1</OffFill>
        <LineColor>-16777216</LineColor>
        <LineStyle>0</LineStyle>
        <LineWeight>1</LineWeight>
        <Gradation>0</Gradation>
        <ScatDraw>nil</ScatDraw>
        <KagiDraw>nil</KagiDraw>
        <AutoBand>nil</AutoBand>
        <BandSize>nil</BandSize>
        <MaxBand>nil</MaxBand>
        <ValueShow>nil</ValueShow>
        <CalcType>nil</CalcType>
        <CalcInfo>nil</CalcInfo>
        <CalcValue>nil</CalcValue>
        <CalcRatio>nil</CalcRatio>
    </FLOWBAR>
    <REVERSETIME>
        <UpIn>-65536</UpIn>
        <UpFill>1</UpFill>
        <DnIn>-16776961</DnIn>
        <DnFill>nil</DnFill>
        <UpDnIn>-16776961</UpDnIn>
        <UpDnFill>1</UpDnFill>
        <DnUpIn>-65536</DnUpIn>
        <DnUpFill>1</DnUpFill>
        <OffIn>-16744448</OffIn>
        <OffFill>1</OffFill>
        <LineColor>-16777216</LineColor>
        <LineStyle>0</LineStyle>
        <LineWeight>1</LineWeight>
        <Gradation>0</Gradation>
        <ScatDraw>nil</ScatDraw>
        <KagiDraw>nil</KagiDraw>
        <AutoBand>nil</AutoBand>
        <BandSize>nil</BandSize>
        <MaxBand>nil</MaxBand>
        <ValueShow>nil</ValueShow>
        <CalcType>2</CalcType>
        <CalcInfo>20</CalcInfo>
        <CalcValue>nil</CalcValue>
        <CalcRatio>nil</CalcRatio>
    </REVERSETIME>
    <RENKO>
        <UpIn>-65536</UpIn>
        <UpFill>1</UpFill>
        <DnIn>-16776961</DnIn>
        <DnFill>nil</DnFill>
        <UpDnIn>-16776961</UpDnIn>
        <UpDnFill>1</UpDnFill>
        <DnUpIn>-65536</DnUpIn>
        <DnUpFill>1</DnUpFill>
        <OffIn>-16744448</OffIn>
        <OffFill>1</OffFill>
        <LineColor>-16777216</LineColor>
        <LineStyle>0</LineStyle>
        <LineWeight>1</LineWeight>
        <Gradation>0</Gradation>
        <ScatDraw>nil</ScatDraw>
        <KagiDraw>nil</KagiDraw>
        <AutoBand>nil</AutoBand>
        <BandSize>nil</BandSize>
        <MaxBand>nil</MaxBand>
        <ValueShow>nil</ValueShow>
        <CalcType>3</CalcType>
        <CalcInfo>1</CalcInfo>
        <CalcValue>nil</CalcValue>
        <CalcRatio>5.0</CalcRatio>
    </RENKO>
    <KAGISWING>
        <UpIn>-65536</UpIn>
        <UpFill>1</UpFill>
        <DnIn>-16776961</DnIn>
        <DnFill>nil</DnFill>
        <UpDnIn>-16776961</UpDnIn>
        <UpDnFill>1</UpDnFill>
        <DnUpIn>-65536</DnUpIn>
        <DnUpFill>1</DnUpFill>
        <OffIn>-16744448</OffIn>
        <OffFill>1</OffFill>
        <LineColor>-16777216</LineColor>
        <LineStyle>0</LineStyle>
        <LineWeight>1</LineWeight>
        <Gradation>0</Gradation>
        <ScatDraw>nil</ScatDraw>
        <KagiDraw>0</KagiDraw>
        <AutoBand>nil</AutoBand>
        <BandSize>nil</BandSize>
        <MaxBand>nil</MaxBand>
        <ValueShow>nil</ValueShow>
        <CalcType>3</CalcType>
        <CalcInfo>1</CalcInfo>
        <CalcValue>nil</CalcValue>
        <CalcRatio>5.0</CalcRatio>
    </KAGISWING>
    <SCATTER>
        <UpIn>-65536</UpIn>
        <UpFill>1</UpFill>
        <DnIn>-16776961</DnIn>
        <DnFill>nil</DnFill>
        <UpDnIn>-16776961</UpDnIn>
        <UpDnFill>1</UpDnFill>
        <DnUpIn>-65536</DnUpIn>
        <DnUpFill>1</DnUpFill>
        <OffIn>-16744448</OffIn>
        <OffFill>1</OffFill>
        <LineColor>-16777216</LineColor>
        <LineStyle>0</LineStyle>
        <LineWeight>1</LineWeight>
        <Gradation>0</Gradation>
        <ScatDraw>2</ScatDraw>
        <KagiDraw>nil</KagiDraw>
        <AutoBand>nil</AutoBand>
        <BandSize>nil</BandSize>
        <MaxBand>nil</MaxBand>
        <ValueShow>nil</ValueShow>
        <CalcType>nil</CalcType>
        <CalcInfo>nil</CalcInfo>
        <CalcValue>nil</CalcValue>
        <CalcRatio>nil</CalcRatio>
    </SCATTER>
    <MOUNTAIN>
        <UpIn>-65536</UpIn>
        <UpFill>1</UpFill>
        <DnIn>-16776961</DnIn>
        <DnFill>nil</DnFill>
        <UpDnIn>-16776961</UpDnIn>
        <UpDnFill>1</UpDnFill>
        <DnUpIn>-65536</DnUpIn>
        <DnUpFill>1</DnUpFill>
        <OffIn>-16711681</OffIn>
        <OffFill>1</OffFill>
        <LineColor>-16777216</LineColor>
        <LineStyle>0</LineStyle>
        <LineWeight>1</LineWeight>
        <Gradation>0</Gradation>
        <ScatDraw>nil</ScatDraw>
        <KagiDraw>nil</KagiDraw>
        <AutoBand>nil</AutoBand>
        <BandSize>nil</BandSize>
        <MaxBand>nil</MaxBand>
        <ValueShow>nil</ValueShow>
        <CalcType>nil</CalcType>
        <CalcInfo>nil</CalcInfo>
        <CalcValue>nil</CalcValue>
        <CalcRatio>nil</CalcRatio>
    </MOUNTAIN>
</PricePropertyList>
