<?xml version="1.0" encoding="EUC-KR" standalone="no"?>
<ResolutionList>
    <!-- HD -->
    <Phone_Type1>
        <XLayerHeight>35</XLayerHeight>
        <YLayerWidth>120</YLayerWidth>
        <FontSize>28</FontSize>
        <!-- 차트 TouchUp후에 나오는 이미지 버튼(확대,축소,좌,우 이동) -->
        <ImageSize>110</ImageSize>
        <ImageMargin>30</ImageMargin>
        <ScrollSize>8</ScrollSize>
        <!-- 영역간 선택가능 영역 -->
        <ResizableAreaSize>32</ResizableAreaSize>
        <!-- 상하한가 영역 -->
        <HiLowestAreaWidth>4</HiLowestAreaWidth>
        <!-- ChartSelect 영역 -->
        <ChartSelAreaSize>3</ChartSelAreaSize>
    </Phone_Type1>
	<!-- FHD -->
    <Phone_Type2>
        <XLayerHeight>45</XLayerHeight>
        <YLayerWidth>150</YLayerWidth>
        <FontSize>30</FontSize>
        <ImageSize>145</ImageSize>
        <ImageMargin>60</ImageMargin>
        <ScrollSize>10</ScrollSize>
        <!-- 차트 영역 경계선을 기준으로 값의 절반을 상하로 Checking(주의:홀수 값은 floor 됨) -->
        <!-- 직접 폰별 테스트 필요 -->
        <ResizableAreaSize>32</ResizableAreaSize>
        <!-- Y축 경계선을 기준으로 값의 절반을 좌우로 드로잉(주의:홀수 값은 floor 됨) -->
        <HiLowestAreaWidth>5</HiLowestAreaWidth>
        <!-- ChartSelect 영역 -->
        <ChartSelAreaSize>4</ChartSelAreaSize>
    </Phone_Type2>
	<!-- QHD -->
    <Phone_Type3>
        <XLayerHeight>60</XLayerHeight>
        <YLayerWidth>200</YLayerWidth>
        <FontSize>40</FontSize>
        <ImageSize>200</ImageSize>
        <ImageMargin>95</ImageMargin>
        <ScrollSize>12</ScrollSize>
        <ResizableAreaSize>38</ResizableAreaSize>
        <HiLowestAreaWidth>8</HiLowestAreaWidth>
        <ChartSelAreaSize>6</ChartSelAreaSize>
    </Phone_Type3>
	<!-- UHD -->
    <Phone_Type4>
        <XLayerHeight>70</XLayerHeight>
        <YLayerWidth>220</YLayerWidth>
        <FontSize>44</FontSize>
        <ImageSize>220</ImageSize>
        <ImageMargin>110</ImageMargin>
        <ScrollSize>14</ScrollSize>
        <ResizableAreaSize>42</ResizableAreaSize>
        <HiLowestAreaWidth>10</HiLowestAreaWidth>
        <ChartSelAreaSize>7</ChartSelAreaSize>
    </Phone_Type4>
</ResolutionList>
